"","intercept","attended_school","intsig","attendedsig","R2","NumObservations","NA"
"1",-192515.885068754,-84457.0941911653,1.58167872888772e-05,0.0622870487935184,0.0677951588739966,52,NA
"2",-140025.372119274,-141193.678995608,0.000484959187411493,0.00108255096938926,0.150445777220753,68,NA
"3",-182087.547024447,-48227.6765537842,9.45212142048075e-15,0.0412482874264415,0.0276622412731503,151,NA
"4",-171195.997920207,-43463.9544064486,1.43068481124557e-27,0.00742843156229374,0.0363575087630055,196,NA
"5",-195440.788767563,9300.89367513166,1.0744094889381e-13,0.739636185903798,0.00163486250879565,70,NA
